fact_id,layer,variant_a,variant_b,is_correct_a,is_correct_b,pair_type,cosine_distance,l2_distance
fact_0002,6,original,short_direct,True,True,correct_correct,0.008259415626525879,13.086282730102539
fact_0002,6,original,answer_briefly,True,True,correct_correct,0.46477675437927246,89.58821105957031
fact_0002,6,original,no_explanation,True,False,correct_wrong,0.48208189010620117,91.0873794555664
fact_0002,6,original,direct_answer,True,True,correct_correct,0.00964820384979248,14.09917163848877
fact_0002,6,short_direct,answer_briefly,True,True,correct_correct,0.4665716886520386,89.85050201416016
fact_0002,6,short_direct,no_explanation,True,False,correct_wrong,0.4819958209991455,91.1803207397461
fact_0002,6,short_direct,direct_answer,True,True,correct_correct,0.01935344934463501,19.96002769470215
fact_0002,6,answer_briefly,no_explanation,True,False,correct_wrong,0.15683400630950928,44.619911193847656
fact_0002,6,answer_briefly,direct_answer,True,True,correct_correct,0.46489930152893066,88.85277557373047
fact_0002,6,no_explanation,direct_answer,False,True,correct_wrong,0.47973573207855225,90.12649536132812
fact_0002,9,original,short_direct,True,True,correct_correct,0.018618464469909668,27.424863815307617
fact_0002,9,original,answer_briefly,True,True,correct_correct,0.4494054317474365,122.40082550048828
fact_0002,9,original,no_explanation,True,False,correct_wrong,0.43426257371902466,121.51872253417969
fact_0002,9,original,direct_answer,True,True,correct_correct,0.009867966175079346,19.42574119567871
fact_0002,9,short_direct,answer_briefly,True,True,correct_correct,0.4489220976829529,116.88978576660156
fact_0002,9,short_direct,no_explanation,True,False,correct_wrong,0.43143129348754883,115.9501953125
fact_0002,9,short_direct,direct_answer,True,True,correct_correct,0.0354689359664917,36.78615951538086
fact_0002,9,answer_briefly,no_explanation,True,False,correct_wrong,0.1678091287612915,68.76908111572266
fact_0002,9,answer_briefly,direct_answer,True,True,correct_correct,0.45475590229034424,123.12104034423828
fact_0002,9,no_explanation,direct_answer,False,True,correct_wrong,0.43946850299835205,122.24424743652344
fact_0002,12,original,short_direct,True,True,correct_correct,0.026381969451904297,49.10404968261719
fact_0002,12,original,answer_briefly,True,True,correct_correct,0.4728890657424927,188.21327209472656
fact_0002,12,original,no_explanation,True,False,correct_wrong,0.5495384633541107,203.31564331054688
fact_0002,12,original,direct_answer,True,True,correct_correct,0.01175147294998169,33.227848052978516
fact_0002,12,short_direct,answer_briefly,True,True,correct_correct,0.464652955532074,185.7216339111328
fact_0002,12,short_direct,no_explanation,True,False,correct_wrong,0.5445904731750488,201.47161865234375
fact_0002,12,short_direct,direct_answer,True,True,correct_correct,0.048355817794799805,67.05384063720703
fact_0002,12,answer_briefly,no_explanation,True,False,correct_wrong,0.24123626947402954,113.08892822265625
fact_0002,12,answer_briefly,direct_answer,True,True,correct_correct,0.4722643494606018,190.15936279296875
fact_0002,12,no_explanation,direct_answer,False,True,correct_wrong,0.5483458936214447,205.16163635253906
fact_0014,6,original,short_direct,False,True,correct_wrong,0.005108833312988281,10.388311386108398
fact_0014,6,original,answer_briefly,False,True,correct_wrong,0.4817497730255127,92.07051086425781
fact_0014,6,original,no_explanation,False,False,wrong_wrong,0.4922945499420166,92.87040710449219
fact_0014,6,original,direct_answer,False,True,correct_wrong,0.0133897066116333,16.808088302612305
fact_0014,6,short_direct,answer_briefly,True,True,correct_correct,0.4860996603965759,92.46808624267578
fact_0014,6,short_direct,no_explanation,True,False,correct_wrong,0.4957374334335327,93.18220520019531
fact_0014,6,short_direct,direct_answer,True,True,correct_correct,0.02175915241241455,21.32733726501465
fact_0014,6,answer_briefly,no_explanation,True,False,correct_wrong,0.15468716621398926,44.75027084350586
fact_0014,6,answer_briefly,direct_answer,True,True,correct_correct,0.47956418991088867,90.15149688720703
fact_0014,6,no_explanation,direct_answer,False,True,correct_wrong,0.488183856010437,90.767578125
fact_0014,9,original,short_direct,False,True,correct_wrong,0.002907395362854004,10.730841636657715
fact_0014,9,original,answer_briefly,False,True,correct_wrong,0.4643312692642212,123.83245849609375
fact_0014,9,original,no_explanation,False,False,wrong_wrong,0.446865975856781,124.36166381835938
fact_0014,9,original,direct_answer,False,True,correct_wrong,0.012598991394042969,22.180334091186523
fact_0014,9,short_direct,answer_briefly,True,True,correct_correct,0.4634447693824768,122.33887481689453
fact_0014,9,short_direct,no_explanation,True,False,correct_wrong,0.44651246070861816,123.0573959350586
fact_0014,9,short_direct,direct_answer,True,True,correct_correct,0.017622649669647217,25.526447296142578
fact_0014,9,answer_briefly,no_explanation,True,False,correct_wrong,0.16902244091033936,69.31245422363281
fact_0014,9,answer_briefly,direct_answer,True,True,correct_correct,0.4593889117240906,120.22419738769531
fact_0014,9,no_explanation,direct_answer,False,True,correct_wrong,0.44460493326187134,121.35029602050781
fact_0014,12,original,short_direct,False,True,correct_wrong,0.003526151180267334,17.854890823364258
fact_0014,12,original,answer_briefly,False,True,correct_wrong,0.48440104722976685,187.4808807373047
fact_0014,12,original,no_explanation,False,False,wrong_wrong,0.5551789700984955,201.45860290527344
fact_0014,12,original,direct_answer,False,True,correct_wrong,0.01331418752670288,34.56142807006836
fact_0014,12,short_direct,answer_briefly,True,True,correct_correct,0.485198974609375,185.32411193847656
fact_0014,12,short_direct,no_explanation,True,False,correct_wrong,0.5580836236476898,199.6621551513672
fact_0014,12,short_direct,direct_answer,True,True,correct_correct,0.016774117946624756,38.79086685180664
fact_0014,12,answer_briefly,no_explanation,True,False,correct_wrong,0.23872578144073486,112.23551940917969
fact_0014,12,answer_briefly,direct_answer,True,True,correct_correct,0.478826105594635,187.8454132080078
fact_0014,12,no_explanation,direct_answer,False,True,correct_wrong,0.5542274713516235,202.65945434570312
fact_0017,6,original,answer_briefly,True,True,correct_correct,0.4918009042739868,81.97212219238281
fact_0017,6,original,no_explanation,True,False,correct_wrong,0.520238995552063,84.46178436279297
fact_0017,6,original,direct_answer,True,True,correct_correct,0.022872567176818848,18.34762191772461
fact_0017,6,answer_briefly,no_explanation,True,False,correct_wrong,0.17205142974853516,46.15266799926758
fact_0017,6,answer_briefly,direct_answer,True,True,correct_correct,0.4933685064315796,81.1946029663086
fact_0017,6,no_explanation,direct_answer,False,True,correct_wrong,0.5190438032150269,83.44771575927734
fact_0017,9,original,answer_briefly,True,True,correct_correct,0.4166937470436096,106.57745361328125
fact_0017,9,original,no_explanation,True,False,correct_wrong,0.4412134885787964,111.07212829589844
fact_0017,9,original,direct_answer,True,True,correct_correct,0.018107831478118896,21.51459312438965
fact_0017,9,answer_briefly,no_explanation,True,False,correct_wrong,0.16435295343399048,69.43070983886719
fact_0017,9,answer_briefly,direct_answer,True,True,correct_correct,0.4001094102859497,103.40531158447266
fact_0017,9,no_explanation,direct_answer,False,True,correct_wrong,0.42598581314086914,108.12117767333984
fact_0017,12,original,answer_briefly,True,True,correct_correct,0.4328922629356384,149.13502502441406
fact_0017,12,original,no_explanation,True,False,correct_wrong,0.5305674374103546,165.5865020751953
fact_0017,12,original,direct_answer,True,True,correct_correct,0.059694111347198486,60.095035552978516
fact_0017,12,answer_briefly,no_explanation,True,False,correct_wrong,0.23341816663742065,107.45352935791016
fact_0017,12,answer_briefly,direct_answer,True,True,correct_correct,0.3809996247291565,146.49667358398438
fact_0017,12,no_explanation,direct_answer,False,True,correct_wrong,0.4823252558708191,164.9381103515625
fact_0021,6,original,short_direct,True,True,correct_correct,0.008069872856140137,13.047972679138184
fact_0021,6,original,answer_briefly,True,False,correct_wrong,0.4672694206237793,90.7193603515625
fact_0021,6,original,no_explanation,True,False,correct_wrong,0.48544901609420776,92.06473541259766
fact_0021,6,original,direct_answer,True,True,correct_correct,0.0167999267578125,18.878477096557617
fact_0021,6,short_direct,answer_briefly,True,False,correct_wrong,0.47516000270843506,91.15838623046875
fact_0021,6,short_direct,no_explanation,True,False,correct_wrong,0.4910236597061157,92.27586364746094
fact_0021,6,short_direct,direct_answer,True,True,correct_correct,0.0309828519821167,25.303680419921875
fact_0021,6,answer_briefly,no_explanation,False,False,wrong_wrong,0.15773236751556396,44.84503936767578
fact_0021,6,answer_briefly,direct_answer,False,True,correct_wrong,0.4634891748428345,87.97447967529297
fact_0021,6,no_explanation,direct_answer,False,True,correct_wrong,0.47986745834350586,89.12461853027344
fact_0021,9,original,short_direct,True,True,correct_correct,0.005235791206359863,13.601284980773926
fact_0021,9,original,answer_briefly,True,False,correct_wrong,0.45859622955322266,119.72706604003906
fact_0021,9,original,no_explanation,True,False,correct_wrong,0.45406800508499146,120.72135925292969
fact_0021,9,original,direct_answer,True,True,correct_correct,0.015368759632110596,23.400287628173828
fact_0021,9,short_direct,answer_briefly,True,False,correct_wrong,0.45471489429473877,118.89894104003906
fact_0021,9,short_direct,no_explanation,True,False,correct_wrong,0.44987916946411133,119.85472869873047
fact_0021,9,short_direct,direct_answer,True,True,correct_correct,0.02246677875518799,28.2479190826416
fact_0021,9,answer_briefly,no_explanation,False,False,wrong_wrong,0.1718536615371704,68.58869934082031
fact_0021,9,answer_briefly,direct_answer,False,True,correct_wrong,0.46023648977279663,120.3313980102539
fact_0021,9,no_explanation,direct_answer,False,True,correct_wrong,0.45395320653915405,121.08253479003906
fact_0021,12,original,short_direct,True,True,correct_correct,0.004233181476593018,19.22963523864746
fact_0021,12,original,answer_briefly,True,False,correct_wrong,0.471759557723999,184.3117218017578
fact_0021,12,original,no_explanation,True,False,correct_wrong,0.5545826852321625,199.7054901123047
fact_0021,12,original,direct_answer,True,True,correct_correct,0.0162503719329834,38.55231857299805
fact_0021,12,short_direct,answer_briefly,True,False,correct_wrong,0.4680060148239136,182.1002960205078
fact_0021,12,short_direct,no_explanation,True,False,correct_wrong,0.5519250333309174,197.70193481445312
fact_0021,12,short_direct,direct_answer,True,True,correct_correct,0.02178370952606201,44.62397003173828
fact_0021,12,answer_briefly,no_explanation,False,False,wrong_wrong,0.24252283573150635,113.06040954589844
fact_0021,12,answer_briefly,direct_answer,False,True,correct_wrong,0.4663729667663574,187.20098876953125
fact_0021,12,no_explanation,direct_answer,False,True,correct_wrong,0.5509024262428284,203.00099182128906
fact_0029,6,original,short_direct,False,True,correct_wrong,0.007237672805786133,12.246739387512207
fact_0029,6,original,answer_briefly,False,False,wrong_wrong,0.47230255603790283,90.08967590332031
fact_0029,6,original,no_explanation,False,False,wrong_wrong,0.4726645350456238,89.21371459960938
fact_0029,6,original,direct_answer,False,False,wrong_wrong,0.009148120880126953,13.619507789611816
fact_0029,6,short_direct,answer_briefly,True,False,correct_wrong,0.474149227142334,90.949951171875
fact_0029,6,short_direct,no_explanation,True,False,correct_wrong,0.47378265857696533,90.03130340576172
fact_0029,6,short_direct,direct_answer,True,False,correct_wrong,0.016823172569274902,18.632963180541992
fact_0029,6,answer_briefly,no_explanation,False,False,wrong_wrong,0.15649563074111938,44.58220291137695
fact_0029,6,answer_briefly,direct_answer,False,False,wrong_wrong,0.47804784774780273,89.74372100830078
fact_0029,6,no_explanation,direct_answer,False,False,wrong_wrong,0.4757368564605713,88.58535766601562
fact_0029,9,original,short_direct,False,True,correct_wrong,0.019356906414031982,27.302488327026367
fact_0029,9,original,answer_briefly,False,False,wrong_wrong,0.4609907865524292,122.90962982177734
fact_0029,9,original,no_explanation,False,False,wrong_wrong,0.4406818747520447,121.68751525878906
fact_0029,9,original,direct_answer,False,False,wrong_wrong,0.007836699485778809,17.19257926940918
fact_0029,9,short_direct,answer_briefly,True,False,correct_wrong,0.4575388431549072,118.11201477050781
fact_0029,9,short_direct,no_explanation,True,False,correct_wrong,0.4368627071380615,117.07180786132812
fact_0029,9,short_direct,direct_answer,True,False,correct_wrong,0.029965877532958984,32.873199462890625
fact_0029,9,answer_briefly,no_explanation,False,False,wrong_wrong,0.16230225563049316,67.1608657836914
fact_0029,9,answer_briefly,direct_answer,False,False,wrong_wrong,0.46523118019104004,122.16207122802734
fact_0029,9,no_explanation,direct_answer,False,False,wrong_wrong,0.4452933073043823,121.08522033691406
fact_0029,12,original,short_direct,False,True,correct_wrong,0.03292196989059448,47.538414001464844
fact_0029,12,original,answer_briefly,False,False,wrong_wrong,0.5247985124588013,178.45542907714844
fact_0029,12,original,no_explanation,False,False,wrong_wrong,0.5835761427879333,189.78501892089844
fact_0029,12,original,direct_answer,False,False,wrong_wrong,0.01332998275756836,33.25083923339844
fact_0029,12,short_direct,answer_briefly,True,False,correct_wrong,0.513979434967041,175.14312744140625
fact_0029,12,short_direct,no_explanation,True,False,correct_wrong,0.5752692520618439,186.9329833984375
fact_0029,12,short_direct,direct_answer,True,False,correct_wrong,0.044944047927856445,58.721343994140625
fact_0029,12,answer_briefly,no_explanation,False,False,wrong_wrong,0.23578226566314697,110.76936340332031
fact_0029,12,answer_briefly,direct_answer,False,False,wrong_wrong,0.516624927520752,184.21221923828125
fact_0029,12,no_explanation,direct_answer,False,False,wrong_wrong,0.5769657492637634,195.86929321289062
fact_0034,6,original,answer_briefly,False,True,correct_wrong,0.5057860612869263,85.93506622314453
fact_0034,6,original,no_explanation,False,True,correct_wrong,0.5012160539627075,84.83938598632812
fact_0034,6,original,direct_answer,False,True,correct_wrong,0.014269411563873291,14.994396209716797
fact_0034,6,answer_briefly,no_explanation,True,True,correct_correct,0.16470760107040405,46.35078048706055
fact_0034,6,answer_briefly,direct_answer,True,True,correct_correct,0.5101495981216431,86.15345764160156
fact_0034,6,no_explanation,direct_answer,True,True,correct_correct,0.5043261647224426,84.9472427368164
fact_0034,9,original,answer_briefly,False,True,correct_wrong,0.5070172548294067,121.98807525634766
fact_0034,9,original,no_explanation,False,True,correct_wrong,0.5224111080169678,125.94147491455078
fact_0034,9,original,direct_answer,False,True,correct_wrong,0.008337318897247314,16.486858367919922
fact_0034,9,answer_briefly,no_explanation,True,True,correct_correct,0.17051935195922852,67.73831939697266
fact_0034,9,answer_briefly,direct_answer,True,True,correct_correct,0.5058987438678741,121.7831802368164
fact_0034,9,no_explanation,direct_answer,True,True,correct_correct,0.5203180611133575,125.62114715576172
fact_0034,12,original,answer_briefly,False,True,correct_wrong,0.5346128046512604,169.5181884765625
fact_0034,12,original,no_explanation,False,True,correct_wrong,0.5850143134593964,181.06512451171875
fact_0034,12,original,direct_answer,False,True,correct_wrong,0.02201133966445923,40.13175964355469
fact_0034,12,answer_briefly,no_explanation,True,True,correct_correct,0.23714476823806763,112.33484649658203
fact_0034,12,answer_briefly,direct_answer,True,True,correct_correct,0.5134701728820801,175.2283172607422
fact_0034,12,no_explanation,direct_answer,True,True,correct_correct,0.5630160570144653,186.55274963378906
fact_0041,6,original,short_direct,False,False,wrong_wrong,0.007903337478637695,12.082731246948242
fact_0041,6,original,answer_briefly,False,False,wrong_wrong,0.46168196201324463,85.07874298095703
fact_0041,6,original,no_explanation,False,True,correct_wrong,0.4764404296875,86.16902923583984
fact_0041,6,original,direct_answer,False,True,correct_wrong,0.010034739971160889,13.423288345336914
fact_0041,6,short_direct,answer_briefly,False,False,wrong_wrong,0.46433591842651367,86.09050750732422
fact_0041,6,short_direct,no_explanation,False,True,correct_wrong,0.47835832834243774,87.12360382080078
fact_0041,6,short_direct,direct_answer,False,True,correct_wrong,0.020133256912231445,19.20962142944336
fact_0041,6,answer_briefly,no_explanation,False,True,correct_wrong,0.16414976119995117,45.667930603027344
fact_0041,6,answer_briefly,direct_answer,False,True,correct_wrong,0.4636341333389282,84.90232849121094
fact_0041,6,no_explanation,direct_answer,True,True,correct_correct,0.47867125272750854,86.00767517089844
fact_0041,9,original,short_direct,False,False,wrong_wrong,0.01101595163345337,20.14021873474121
fact_0041,9,original,answer_briefly,False,False,wrong_wrong,0.45209598541259766,117.87611389160156
fact_0041,9,original,no_explanation,False,True,correct_wrong,0.4358491897583008,118.23089599609375
fact_0041,9,original,direct_answer,False,True,correct_wrong,0.007473945617675781,16.659503936767578
fact_0041,9,short_direct,answer_briefly,False,False,wrong_wrong,0.4488677978515625,119.64532470703125
fact_0041,9,short_direct,no_explanation,False,True,correct_wrong,0.4292406439781189,119.33773040771484
fact_0041,9,short_direct,direct_answer,False,True,correct_wrong,0.02171802520751953,28.703733444213867
fact_0041,9,answer_briefly,no_explanation,False,True,correct_wrong,0.16414541006088257,67.6510238647461
fact_0041,9,answer_briefly,direct_answer,False,True,correct_wrong,0.45786261558532715,115.51106262207031
fact_0041,9,no_explanation,direct_answer,True,True,correct_correct,0.44180846214294434,116.20050048828125
fact_0041,12,original,short_direct,False,False,wrong_wrong,0.009577512741088867,29.08968734741211
fact_0041,12,original,answer_briefly,False,False,wrong_wrong,0.4879927635192871,183.60633850097656
fact_0041,12,original,no_explanation,False,True,correct_wrong,0.5535226166248322,196.819091796875
fact_0041,12,original,direct_answer,False,True,correct_wrong,0.011559247970581055,32.13920593261719
fact_0041,12,short_direct,answer_briefly,False,False,wrong_wrong,0.48285090923309326,186.0297088623047
fact_0041,12,short_direct,no_explanation,False,True,correct_wrong,0.5492080748081207,199.38174438476562
fact_0041,12,short_direct,direct_answer,False,True,correct_wrong,0.023165404796600342,45.2551155090332
fact_0041,12,answer_briefly,no_explanation,False,True,correct_wrong,0.23797011375427246,110.7771224975586
fact_0041,12,answer_briefly,direct_answer,False,True,correct_wrong,0.48113346099853516,186.45970153808594
fact_0041,12,no_explanation,direct_answer,True,True,correct_correct,0.550843745470047,200.39080810546875
fact_0043,6,original,short_direct,True,True,correct_correct,0.005147457122802734,10.034866333007812
fact_0043,6,original,answer_briefly,True,True,correct_correct,0.47210490703582764,89.12701416015625
fact_0043,6,original,no_explanation,True,False,correct_wrong,0.47209203243255615,88.49983978271484
fact_0043,6,original,direct_answer,True,True,correct_correct,0.01096421480178833,14.721830368041992
fact_0043,6,short_direct,answer_briefly,True,True,correct_correct,0.47712504863739014,88.90955352783203
fact_0043,6,short_direct,no_explanation,True,False,correct_wrong,0.47620391845703125,88.177001953125
fact_0043,6,short_direct,direct_answer,True,True,correct_correct,0.01792287826538086,18.430511474609375
fact_0043,6,answer_briefly,no_explanation,True,False,correct_wrong,0.15955448150634766,45.85598373413086
fact_0043,6,answer_briefly,direct_answer,True,True,correct_correct,0.4772801399230957,87.7717056274414
fact_0043,6,no_explanation,direct_answer,False,True,correct_wrong,0.4747456908226013,86.86640930175781
fact_0043,9,original,short_direct,True,True,correct_correct,0.0021623969078063965,9.703287124633789
fact_0043,9,original,answer_briefly,True,True,correct_correct,0.4554412364959717,127.7417984008789
fact_0043,9,original,no_explanation,True,False,correct_wrong,0.4414122700691223,127.8921127319336
fact_0043,9,original,direct_answer,True,True,correct_correct,0.008806824684143066,19.88447380065918
fact_0043,9,short_direct,answer_briefly,True,True,correct_correct,0.45702773332595825,126.85395050048828
fact_0043,9,short_direct,no_explanation,True,False,correct_wrong,0.4441419243812561,127.2492904663086
fact_0043,9,short_direct,direct_answer,True,True,correct_correct,0.012689769268035889,23.055713653564453
fact_0043,9,answer_briefly,no_explanation,True,False,correct_wrong,0.1664981245994568,68.98307800292969
fact_0043,9,answer_briefly,direct_answer,True,True,correct_correct,0.4555497169494629,124.0190200805664
fact_0043,9,no_explanation,direct_answer,False,True,correct_wrong,0.4422495365142822,124.53215789794922
fact_0043,12,original,short_direct,True,True,correct_correct,0.0026395320892333984,15.670858383178711
fact_0043,12,original,answer_briefly,True,True,correct_correct,0.4809180498123169,189.716064453125
fact_0043,12,original,no_explanation,True,False,correct_wrong,0.5396737158298492,202.0567626953125
fact_0043,12,original,direct_answer,True,True,correct_correct,0.016327857971191406,38.79766082763672
fact_0043,12,short_direct,answer_briefly,True,True,correct_correct,0.4809454083442688,188.2578887939453
fact_0043,12,short_direct,no_explanation,True,False,correct_wrong,0.5417713224887848,200.98428344726562
fact_0043,12,short_direct,direct_answer,True,True,correct_correct,0.019429028034210205,42.1576042175293
fact_0043,12,answer_briefly,no_explanation,True,False,correct_wrong,0.23197883367538452,110.8724136352539
fact_0043,12,answer_briefly,direct_answer,True,True,correct_correct,0.4789050817489624,189.227783203125
fact_0043,12,no_explanation,direct_answer,False,True,correct_wrong,0.5389564335346222,201.80746459960938
fact_0049,6,original,short_direct,True,True,correct_correct,0.006085991859436035,12.184826850891113
fact_0049,6,original,answer_briefly,True,False,correct_wrong,0.47820377349853516,95.4505844116211
fact_0049,6,original,no_explanation,True,True,correct_correct,0.5025485455989838,97.07128143310547
fact_0049,6,original,direct_answer,True,True,correct_correct,0.006614387035369873,12.461517333984375
fact_0049,6,short_direct,answer_briefly,True,False,correct_wrong,0.4794995188713074,96.85040283203125
fact_0049,6,short_direct,no_explanation,True,True,correct_correct,0.5018240511417389,98.32461547851562
fact_0049,6,short_direct,direct_answer,True,True,correct_correct,0.012890160083770752,17.624080657958984
fact_0049,6,answer_briefly,no_explanation,False,True,correct_wrong,0.15561532974243164,44.38552474975586
fact_0049,6,answer_briefly,direct_answer,False,True,correct_wrong,0.4853096008300781,96.19222259521484
fact_0049,6,no_explanation,direct_answer,True,True,correct_correct,0.5077325701713562,97.62042999267578
fact_0049,9,original,short_direct,True,True,correct_correct,0.0057939887046813965,15.823969841003418
fact_0049,9,original,answer_briefly,True,False,correct_wrong,0.4540669918060303,128.91941833496094
fact_0049,9,original,no_explanation,True,True,correct_correct,0.4371523857116699,127.04974365234375
fact_0049,9,original,direct_answer,True,True,correct_correct,0.004021942615509033,13.194777488708496
fact_0049,9,short_direct,answer_briefly,True,False,correct_wrong,0.45158517360687256,127.98707580566406
fact_0049,9,short_direct,no_explanation,True,True,correct_correct,0.4329056739807129,125.87564086914062
fact_0049,9,short_direct,direct_answer,True,True,correct_correct,0.011204659938812256,21.96179962158203
fact_0049,9,answer_briefly,no_explanation,False,True,correct_wrong,0.15812647342681885,66.73411560058594
fact_0049,9,answer_briefly,direct_answer,False,True,correct_wrong,0.4591166377067566,129.4505157470703
fact_0049,9,no_explanation,direct_answer,True,True,correct_correct,0.44014841318130493,127.31974792480469
fact_0049,12,original,short_direct,True,True,correct_correct,0.0072983503341674805,26.79486083984375
fact_0049,12,original,answer_briefly,True,False,correct_wrong,0.486053466796875,196.06112670898438
fact_0049,12,original,no_explanation,True,True,correct_correct,0.5556837916374207,209.09373474121094
fact_0049,12,original,direct_answer,True,True,correct_correct,0.005038261413574219,23.559690475463867
fact_0049,12,short_direct,answer_briefly,True,False,correct_wrong,0.48495548963546753,195.20748901367188
fact_0049,12,short_direct,no_explanation,True,True,correct_correct,0.554967612028122,208.3123321533203
fact_0049,12,short_direct,direct_answer,True,True,correct_correct,0.014424741268157959,38.92975616455078
fact_0049,12,answer_briefly,no_explanation,False,True,correct_wrong,0.2370821237564087,111.33912658691406
fact_0049,12,answer_briefly,direct_answer,False,True,correct_wrong,0.4865434765815735,200.89015197753906
fact_0049,12,no_explanation,direct_answer,True,True,correct_correct,0.5562759339809418,213.9564666748047
fact_0051,6,original,short_direct,False,True,correct_wrong,0.005077838897705078,9.597561836242676
fact_0051,6,original,answer_briefly,False,True,correct_wrong,0.4503610134124756,84.54242706298828
fact_0051,6,original,no_explanation,False,True,correct_wrong,0.4555530548095703,84.71758270263672
fact_0051,6,original,direct_answer,False,True,correct_wrong,0.009142875671386719,13.120933532714844
fact_0051,6,short_direct,answer_briefly,True,True,correct_correct,0.45048898458480835,84.27908325195312
fact_0051,6,short_direct,no_explanation,True,True,correct_correct,0.4557913541793823,84.45967864990234
fact_0051,6,short_direct,direct_answer,True,True,correct_correct,0.016999900341033936,17.478967666625977
fact_0051,6,answer_briefly,no_explanation,True,True,correct_correct,0.14842373132705688,43.744537353515625
fact_0051,6,answer_briefly,direct_answer,True,True,correct_correct,0.45234936475753784,82.68621826171875
fact_0051,6,no_explanation,direct_answer,True,True,correct_correct,0.45686477422714233,82.76583862304688
fact_0051,9,original,short_direct,False,True,correct_wrong,0.0028528571128845215,9.157651901245117
fact_0051,9,original,answer_briefly,False,True,correct_wrong,0.40330350399017334,107.40930938720703
fact_0051,9,original,no_explanation,False,True,correct_wrong,0.39212483167648315,107.73191833496094
fact_0051,9,original,direct_answer,False,True,correct_wrong,0.01074153184890747,17.717191696166992
fact_0051,9,short_direct,answer_briefly,True,True,correct_correct,0.4027186632156372,107.41930389404297
fact_0051,9,short_direct,no_explanation,True,True,correct_correct,0.3920396566390991,107.8011703491211
fact_0051,9,short_direct,direct_answer,True,True,correct_correct,0.01590561866760254,21.550704956054688
fact_0051,9,answer_briefly,no_explanation,True,True,correct_correct,0.15441131591796875,66.8514404296875
fact_0051,9,answer_briefly,direct_answer,True,True,correct_correct,0.4049447774887085,106.7161636352539
fact_0051,9,no_explanation,direct_answer,True,True,correct_correct,0.39400631189346313,107.15169525146484
fact_0051,12,original,short_direct,False,True,correct_wrong,0.0022072792053222656,14.230040550231934
fact_0051,12,original,answer_briefly,False,True,correct_wrong,0.446408748626709,184.0107879638672
fact_0051,12,original,no_explanation,False,True,correct_wrong,0.5097161829471588,195.7852783203125
fact_0051,12,original,direct_answer,False,True,correct_wrong,0.010501682758331299,31.64888572692871
fact_0051,12,short_direct,answer_briefly,True,True,correct_correct,0.44599586725234985,183.21080017089844
fact_0051,12,short_direct,no_explanation,True,True,correct_correct,0.510321319103241,195.15914916992188
fact_0051,12,short_direct,direct_answer,True,True,correct_correct,0.014243781566619873,36.81890106201172
fact_0051,12,answer_briefly,no_explanation,True,True,correct_correct,0.22519856691360474,110.16448211669922
fact_0051,12,answer_briefly,direct_answer,True,True,correct_correct,0.4525003433227539,188.14346313476562
fact_0051,12,no_explanation,direct_answer,True,True,correct_correct,0.5132114887237549,199.43505859375
fact_0053,6,original,short_direct,True,True,correct_correct,0.005608737468719482,11.491179466247559
fact_0053,6,original,answer_briefly,True,True,correct_correct,0.4666602611541748,93.90349578857422
fact_0053,6,original,no_explanation,True,True,correct_correct,0.48337221145629883,95.05516815185547
fact_0053,6,original,direct_answer,True,False,correct_wrong,0.0078238844871521,13.540116310119629
fact_0053,6,short_direct,answer_briefly,True,True,correct_correct,0.4674159288406372,94.49996185302734
fact_0053,6,short_direct,no_explanation,True,True,correct_correct,0.48255449533462524,95.52001190185547
fact_0053,6,short_direct,direct_answer,True,False,correct_wrong,0.014714181423187256,18.619722366333008
fact_0053,6,answer_briefly,no_explanation,True,True,correct_correct,0.15108442306518555,43.40256118774414
fact_0053,6,answer_briefly,direct_answer,True,False,correct_wrong,0.46919167041778564,94.51425170898438
fact_0053,6,no_explanation,direct_answer,True,False,correct_wrong,0.48463964462280273,95.55419921875
fact_0053,9,original,short_direct,True,True,correct_correct,0.004395663738250732,14.074501037597656
fact_0053,9,original,answer_briefly,True,True,correct_correct,0.47742223739624023,133.11270141601562
fact_0053,9,original,no_explanation,True,True,correct_correct,0.4606553316116333,131.9147491455078
fact_0053,9,original,direct_answer,True,False,correct_wrong,0.005046188831329346,15.024063110351562
fact_0053,9,short_direct,answer_briefly,True,True,correct_correct,0.47871124744415283,133.65675354003906
fact_0053,9,short_direct,no_explanation,True,True,correct_correct,0.4600420594215393,132.1942596435547
fact_0053,9,short_direct,direct_answer,True,False,correct_wrong,0.01079636812210083,22.021982192993164
fact_0053,9,answer_briefly,no_explanation,True,True,correct_correct,0.16327190399169922,67.39459228515625
fact_0053,9,answer_briefly,direct_answer,True,False,correct_wrong,0.47857004404067993,132.56503295898438
fact_0053,9,no_explanation,direct_answer,True,False,correct_wrong,0.460221529006958,131.1833953857422
fact_0053,12,original,short_direct,True,True,correct_correct,0.004859983921051025,21.4599609375
fact_0053,12,original,answer_briefly,True,True,correct_correct,0.49239200353622437,194.26229858398438
fact_0053,12,original,no_explanation,True,True,correct_correct,0.5603117048740387,206.68438720703125
fact_0053,12,original,direct_answer,True,False,correct_wrong,0.005675971508026123,25.101192474365234
fact_0053,12,short_direct,answer_briefly,True,True,correct_correct,0.4894871115684509,193.4441375732422
fact_0053,12,short_direct,no_explanation,True,True,correct_correct,0.5584873557090759,206.07481384277344
fact_0053,12,short_direct,direct_answer,True,False,correct_wrong,0.01251363754272461,36.179054260253906
fact_0053,12,answer_briefly,no_explanation,True,True,correct_correct,0.2379855513572693,111.45784759521484
fact_0053,12,answer_briefly,direct_answer,True,False,correct_wrong,0.48923879861831665,199.67349243164062
fact_0053,12,no_explanation,direct_answer,True,False,correct_wrong,0.5580764412879944,212.33421325683594
fact_0057,6,original,short_direct,True,True,correct_correct,0.0036780834197998047,8.348772048950195
fact_0057,6,original,answer_briefly,True,False,correct_wrong,0.5638704299926758,97.2865219116211
fact_0057,6,original,no_explanation,True,False,correct_wrong,0.5783688426017761,95.42984771728516
fact_0057,6,original,direct_answer,True,True,correct_correct,0.010402321815490723,14.014165878295898
fact_0057,6,short_direct,answer_briefly,True,False,correct_wrong,0.560272216796875,97.14310455322266
fact_0057,6,short_direct,no_explanation,True,False,correct_wrong,0.57554692029953,95.38446044921875
fact_0057,6,short_direct,direct_answer,True,True,correct_correct,0.016437649726867676,17.605098724365234
fact_0057,6,answer_briefly,no_explanation,False,False,wrong_wrong,0.13996511697769165,43.62104415893555
fact_0057,6,answer_briefly,direct_answer,False,True,correct_wrong,0.5685111880302429,96.44368743896484
fact_0057,6,no_explanation,direct_answer,False,True,correct_wrong,0.5823009014129639,94.38751983642578
fact_0057,9,original,short_direct,True,True,correct_correct,0.0038346052169799805,10.359905242919922
fact_0057,9,original,answer_briefly,True,False,correct_wrong,0.5340088605880737,121.622314453125
fact_0057,9,original,no_explanation,True,False,correct_wrong,0.5637174248695374,121.50737762451172
fact_0057,9,original,direct_answer,True,True,correct_correct,0.007026374340057373,13.927851676940918
fact_0057,9,short_direct,answer_briefly,True,False,correct_wrong,0.5273824334144592,121.56558990478516
fact_0057,9,short_direct,no_explanation,True,False,correct_wrong,0.5579109489917755,121.65526580810547
fact_0057,9,short_direct,direct_answer,True,True,correct_correct,0.012902498245239258,19.065834045410156
fact_0057,9,answer_briefly,no_explanation,False,False,wrong_wrong,0.1542770266532898,64.47583770751953
fact_0057,9,answer_briefly,direct_answer,False,True,correct_wrong,0.53617924451828,120.49638366699219
fact_0057,9,no_explanation,direct_answer,False,True,correct_wrong,0.5674724578857422,120.38772583007812
fact_0057,12,original,short_direct,True,True,correct_correct,0.00389939546585083,15.288777351379395
fact_0057,12,original,answer_briefly,True,False,correct_wrong,0.5576837062835693,178.61679077148438
fact_0057,12,original,no_explanation,True,False,correct_wrong,0.640916496515274,188.68568420410156
fact_0057,12,original,direct_answer,True,True,correct_correct,0.0082969069480896,22.702367782592773
fact_0057,12,short_direct,answer_briefly,True,False,correct_wrong,0.5553777813911438,178.14895629882812
fact_0057,12,short_direct,no_explanation,True,False,correct_wrong,0.6413770914077759,188.6446075439453
fact_0057,12,short_direct,direct_answer,True,True,correct_correct,0.013019204139709473,28.35362434387207
fact_0057,12,answer_briefly,no_explanation,False,False,wrong_wrong,0.24808329343795776,114.319580078125
fact_0057,12,answer_briefly,direct_answer,False,True,correct_wrong,0.5482076406478882,178.78590393066406
fact_0057,12,no_explanation,direct_answer,False,True,correct_wrong,0.6359868049621582,189.81431579589844
